{"cameraMode":{"drawMode":0,"name":"Shaded","section":"Shading Mode"},"sceneLighting":true,"audioPlay":false,"sceneViewState":{"showFog":true,"showMaterialUpdate":false,"showSkybox":true,"showFlares":true,"showImageEffects":true,"showParticleSystems":true,"showVisualEffectGraphs":true,"m_FxEnabled":true},"in2DMode":false,"pivot":{"x":-0.592905580997467,"y":0.1644887924194336,"z":0.5168623924255371},"rotation":{"x":-0.15226276218891145,"y":0.8174796104431152,"z":-0.49538174271583559,"w":-0.25126412510871889},"size":2.5076851844787599,"orthographic":false}